Puck.js dc26,-87
Puck.js dc26,-84
Puck.js dc26,-86
Puck.js dc26,-75
Puck.js dc26,-84
Puck.js dc26,-86
Puck.js dc26,-75
Puck.js dc26,-75
Puck.js dc26,-84
Puck.js dc26,-86
Puck.js dc26,-86
Puck.js eb35,-92
Puck.js dc26,-86
Puck.js dc26,-76
Puck.js dc26,-86
Puck.js dc26,-86
Puck.js dc26,-83
Puck.js dc26,-75
Puck.js eb35,-91
Puck.js dc26,-75
Puck.js eb35,-92
Puck.js eb35,-91
Puck.js dc26,-86
Puck.js dc26,-76
Puck.js dc26,-76
Puck.js dc26,-85
Puck.js eb35,-91
Puck.js dc26,-84
Puck.js dc26,-86
Puck.js eb35,-91
Puck.js dc26,-76
Puck.js dc26,-84
Puck.js dc26,-86
Puck.js dc26,-84
Puck.js dc26,-76
Puck.js dc26,-84
Puck.js eb35,-89
Puck.js eb35,-92
Puck.js dc26,-86
Puck.js dc26,-76
Puck.js dc26,-76
Puck.js eb35,-91
Puck.js dc26,-76
Puck.js dc26,-84
Puck.js dc26,-84
Puck.js dc26,-86
Puck.js eb35,-92
Puck.js dc26,-84
Puck.js dc26,-76
Puck.js dc26,-84
Puck.js eb35,-91
Puck.js dc26,-76
Puck.js eb35,-91
Puck.js dc26,-84
Puck.js eb35,-92
Puck.js dc26,-76
